fecha,sede,producto,cantidad,valor
2026-02-01,Bogota,Producto 1,8,671429
2026-02-02,Bogota,Producto 2,18,186758
2026-02-03,Bogota,Producto 3,12,683256
2026-02-04,Bogota,Producto 4,16,706115
2026-02-05,Bogota,Producto 5,19,118711
2026-02-06,Bogota,Producto 1,20,63807
2026-02-07,Bogota,Producto 2,16,321952
2026-02-08,Bogota,Producto 3,18,295713
2026-02-09,Bogota,Producto 4,7,801984
2026-02-10,Bogota,Producto 5,16,617252
2026-02-11,Bogota,Producto 1,18,549492
2026-02-12,Bogota,Producto 2,13,720111
2026-02-13,Bogota,Producto 3,5,293187
2026-02-14,Bogota,Producto 4,5,598595
2026-02-15,Bogota,Producto 5,13,827258
2026-02-16,Bogota,Producto 1,1,754025
2026-02-17,Bogota,Producto 2,3,217142
2026-02-18,Bogota,Producto 3,19,94867
2026-02-19,Bogota,Producto 4,10,867969
2026-02-20,Bogota,Producto 5,1,332519
2026-02-21,Bogota,Producto 1,16,673640
2026-02-22,Bogota,Producto 2,13,798819
2026-02-23,Bogota,Producto 3,14,464149
2026-02-24,Bogota,Producto 4,19,516218
2026-02-25,Bogota,Producto 5,5,433275
